"block_number","block_time","block_hash","extra_data","fee_recipient_address","bundle_id","user_tx_hash","user_tx_from","user_tx_to","backrun_tx_hash","backrun_tx_from","backrun_tx_to","refund_tx_hash","refund_from","refund_to","refund_value_eth"
19272502,"2024-02-21 00:32:35","0xf83b4cb2ac9391520db347355d8510adc9a9c172c86bd6a4cd8eb9a7d5909ffd","rsync-builder.xyz","0x1f9090aae28b8a3dceadf281b0f12828e676c326",1,"0x336f086dd465aebe8a1ebe2758ef761ae292d071e8fe2ec2736e40bfdf52d7fd","0xbbf4c3db44dfa77d56504be5c82c8d0c4c2aa9f2","0x881d40237659c251811cec9c364ef91dc08d300c","0x63f69a29133daf95c29c02aedf0fa46856d1ffbc4261f20600d7652d4e6dd09c","0x7088659e96e5dcc91608d871937bdb5fa0776bac","0xc6fecdf760af24095cded954de7d81ab49f8bae1","0x28376c992338961f77638c851df9e36c02ba6a0ff33add5ee24286bbb11276bd","0x1f9090aae28b8a3dceadf281b0f12828e676c326","0xef409c51addcf4642e2c98e935bc5d9ac273af57",0.000646194692490949
19272517,"2024-02-21 00:35:35","0x45dad192e0ebce4c4c7bb6b34b4dfea7853a2bbea46d038ee7408ae54d830089","Titan (titanbuilder.xyz)","0x4838b106fce9647bdf1e7877bf73ce8b0bad5f97",1,"0xb0438891a1eb25b716c5d90d98cc091851b565e8e9732b997b8223ad859b5de0","0xbbf4c3db44dfa77d56504be5c82c8d0c4c2aa9f2","0x881d40237659c251811cec9c364ef91dc08d300c","0x4c32992598203cf64ee6787671dba6e2d22489fc670534284172a4da9d1f0e4a","0xff64e8e2a0afc9923461f446d7e31863c2bc1f4b","0xc6fecdf760af24095cded954de7d81ab49f8bae1","0x30ff0943c33c1326f6d862ef188e2d027e4ddfe30ad77e06c8128b768f93cf56","0x4838b106fce9647bdf1e7877bf73ce8b0bad5f97","0xef409c51addcf4642e2c98e935bc5d9ac273af57",0.00413000662851171
19272532,"2024-02-21 00:38:35","0xf7f7a0cc21d99f7da8d61546b1b97e5f56e14bfd6369128ab6b8f37216beeeb1","Titan (titanbuilder.xyz)","0x4838b106fce9647bdf1e7877bf73ce8b0bad5f97",1,"0x1da8634051b258f06ac9c407a390ddfab679a70bcbef48380ae81ffabfe7776a","0x1739b308d2232f9987975298c4459b5e51fa272e","0xad3b67bca8935cb510c8d18bd45f0b94f54a968f","0x2dcddba29b20c490a63c663c54875cdf091a217f0b8313a09daab0da3e83181d","0x570a00fbf676cba7671c245e4b77c07f8e5a4a9b","0xc6fecdf760af24095cded954de7d81ab49f8bae1","0x1f67996322326638b37856195cd852a7b91e509585e3101b3a57cbc7d4f56d65","0x4838b106fce9647bdf1e7877bf73ce8b0bad5f97","0xf69c84b099c3c24eb1209f39d39236c432c00811",0.00229115278550888
19272555,"2024-02-21 00:43:11","0x7f55ce3734d449799f53dd07d9c1db89d1c27e7ebe0cbbfe1c4d80224854f93b","Titan (titanbuilder.xyz)","0x4838b106fce9647bdf1e7877bf73ce8b0bad5f97",1,"0x10ee2c4142154c5a7a04a2ef2d99adeb7b551a6b7c9f6ce325311fa83c9f49e6","0xcbb48e6d1594e36c88b5dbd14179f2017530012d","0x7a250d5630b4cf539739df2c5dacb4c659f2488d","0x3eccf66a2fa5ec601192ef0b03d667fa6228b02fff4c2299b6859b6a092a9325","0x570a00fbf676cba7671c245e4b77c07f8e5a4a9b","0xc6fecdf760af24095cded954de7d81ab49f8bae1","0x50a95bbbca0cc2b2418a7f2b26d5255eb6b0e81add81b9bc8746a1dffe854180","0x4838b106fce9647bdf1e7877bf73ce8b0bad5f97","0x591f2ce951d35e6c87df93b2623e83f2cd537569",0.00601203162040677
19272835,"2024-02-21 01:39:35","0x2edb74407d55fa1359f10b57640b344ea21aad4a75550097721fa627dffcf147","Titan (titanbuilder.xyz)","0x4838b106fce9647bdf1e7877bf73ce8b0bad5f97",1,"0x6bbb27d00b7c1d838b709f5627b92c0fff956bb9461f165d60766ad077dda84d","0x33663d3ef64d8e505cd0201ac778ed9c762f7cc9","0x881d40237659c251811cec9c364ef91dc08d300c","0x9e1b8db602223ebefa0cbc9b6d354af77b1148b37e0ea14852cc2ace18a39239","0x570a00fbf676cba7671c245e4b77c07f8e5a4a9b","0xc6fecdf760af24095cded954de7d81ab49f8bae1","0x47fd1a2575909f8ead19a11971caae393a6bbccad4b5d992895745d8be75b2bf","0x4838b106fce9647bdf1e7877bf73ce8b0bad5f97","0xef409c51addcf4642e2c98e935bc5d9ac273af57",0.00373089934203453
19272888,"2024-02-21 01:50:35","0x77870e0530065f79171282d67a7edaa453f02b731fad46ddf2e8527ea6aac986","beaverbuild.org","0x95222290dd7278aa3ddd389cc1e1d165cc4bafe5",1,"0x70dfc29dff8976346760c02cfef6c26547552b9bcddcf74bc71b9dd35b742b95","0xd267fda7ecbe322e64bf807de06e8e2284b72da9","0xd1742b3c4fbb096990c8950fa635aec75b30781a","0xae36ec4d9f98d1c7295702d33b7e810262992a765c3dcd1341380eb08946c8e3","0x19b446b75c218a14f8f6c8011dc314aa60cf09fa","0x6f1cdbbb4d53d226cf4b917bf768b94acbab6168","0xee5dfb5ed1e0602a1b4b70fd09ae19f6d6d08ff49e226cc0c57497ed468daf92","0x95222290dd7278aa3ddd389cc1e1d165cc4bafe5","0x7b523c0216d9e3e5f52dd0eafad4b39c9924e6d0",0.001379594442064746
19273091,"2024-02-21 02:31:59","0x1f6959176ac2b1bdf14a0a848bad10c7a742e6d80e710f0cd0545c5717c89bfd","rsync-builder.xyz","0x1f9090aae28b8a3dceadf281b0f12828e676c326",1,"0x1b789e107e8ee48f916ad1bcc77d7e3cccc699bada583ac7da83e736e2817afa","0x4074e20fda585329019c6d119316f3f385b75cb0","0xef1c6e67703c7bd7107eed8303fbe6ec2554bf6b","0x66123906f7e7cee28064d9c4d80fa50458d00da335626fd6a9fec77a601e2ec7","0xbf103ca71e997bd478da47d49e116168b37f00fc","0x988ad333342d903190ed86a053e6b2170aebeb20","0x7adb9b590a99ec6c46c7a66f907db45f5863a93d549c74907a12286ce7616133","0x1f9090aae28b8a3dceadf281b0f12828e676c326","0x7cac404dfd9203e7e4f701061a17f8bccee25750",0.01389125541517963
19273203,"2024-02-21 02:55:11","0x847760b5fc4e2e07a7778868d5c31c00b22baa620e2cbdb76799ff7a534dbaab","Titan (titanbuilder.xyz)","0x4838b106fce9647bdf1e7877bf73ce8b0bad5f97",1,"0x48b04475462887ae7f279c481b36ec8a33f27d2f5ea5acb492a3ff039bb80c3e","0x384d0eeeab0b84641e450a4307f6f2de1c027fd0","0xf3de3c0d654fda23dad170f0f320a92172509127","0x0f911764fd05a0909ebf27c7eff003477c81b1f45fd02577d59504c953349ed0","0xbf103ca71e997bd478da47d49e116168b37f00fc","0x2954e8b54b4f555d11e6d5afea7e28e3ef3b1845","0xd4b0bafb1d0f6ffc678cc25627ef3e341dd54f94d5659395bbf0888fd17f6d63","0x4838b106fce9647bdf1e7877bf73ce8b0bad5f97","0x384d0eeeab0b84641e450a4307f6f2de1c027fd0",0.0009532382932624
19273292,"2024-02-21 03:13:11","0xe068ec1e8d778c9a2d656361e26f3c82c0bedfde2c30322143923786326f7055","beaverbuild.org","0x95222290dd7278aa3ddd389cc1e1d165cc4bafe5",1,"0x140b6b6d81970c7da339bd8b54f06e20988c84ab384ad50ffb069eb366c97719","0x33663d3ef64d8e505cd0201ac778ed9c762f7cc9","0x881d40237659c251811cec9c364ef91dc08d300c","0x6428eaf24395d4335edb36c24a89313a7f660cba9a8bd3a9bb45607ed68359f4","0xff64e8e2a0afc9923461f446d7e31863c2bc1f4b","0xc6fecdf760af24095cded954de7d81ab49f8bae1","0x2e15671121c636f81e3d07e424b7382dd8cc93539ffbd982d561e2e51ea040af","0x95222290dd7278aa3ddd389cc1e1d165cc4bafe5","0xef409c51addcf4642e2c98e935bc5d9ac273af57",0.021826353489473344
19273543,"2024-02-21 04:03:23","0xd5de5f86d653b58b256e218c1da38144c67c9198cd56cdaafeb0b7530b29288f","beaverbuild.org","0x95222290dd7278aa3ddd389cc1e1d165cc4bafe5",1,"0xbe2386cabfa1a355043d5d0debabbc9a40c5ac6f7486c8e61e478eb78f77cf61","0x8040c2f0889355e8246fe965c30ec6cc5044dd0e","0x881d40237659c251811cec9c364ef91dc08d300c","0x86963ecb7d10f1a97d0c6ac3ba3907ccc85b20df96bd2bd96460753b91ecd3cd","0xcf5a33920272e28f220d14c84416474de53f30b9","0x51c72848c68a965f66fa7a88855f9f7784502a7f","0xea777a1296d4423a6c1abf911af569cbed474769d406bf642fcdf544b6d68ba7","0x95222290dd7278aa3ddd389cc1e1d165cc4bafe5","0xef409c51addcf4642e2c98e935bc5d9ac273af57",0.006448332458749037
19273569,"2024-02-21 04:08:35","0x1f7ef8af3aee628f46307173710c2ab5de0bdc22c9be4675f2b7e1ce649239a0","beaverbuild.org","0x95222290dd7278aa3ddd389cc1e1d165cc4bafe5",1,"0x184777f16184ba62471774a98aa3e02be398338ccc4e77e3d54a07b2fc51d32c","0x65d08d84d179919e06d11dac4f9922b404076e5f","0x7a250d5630b4cf539739df2c5dacb4c659f2488d","0x576ae1bdd57b6eabd0d72390d3e7738917acd5ba9ee0c74c2952d31b1453cc6f","0xf292e2d2b321b0df16846f8e3f0289a3b11400bd","0x0000000000450702bc4f750fd1e7ecad7054c4f1","0x064a06befc679a9ee53a6d45005a335c1e6c0f49ab870d2bdbcf46ae600913a4","0x95222290dd7278aa3ddd389cc1e1d165cc4bafe5","0x591f2ce951d35e6c87df93b2623e83f2cd537569",0.000510348592031571
19273596,"2024-02-21 04:14:11","0x51ab94f24eb44e6e78a3c5d8eb3ecfbd5c854172f012c06790c5c4e09a4afc53","Titan (titanbuilder.xyz)","0x4838b106fce9647bdf1e7877bf73ce8b0bad5f97",1,"0x0475fd8cbfde52aebcd398fa7efbbbe1ed4dd99889af83e08519dd1912ff7f8d","0xf1a73089fac631249c32aa58f6548df2deab76a9","0x00000047bb99ea4d791bb749d970de71ee0b1a34","0x3ca081996c3bec907da000c320e8a87c2ca7ca152128c01d01801d86e2f8f708","0xe75ed6f453c602bd696ce27af11565edc9b46b0d","0x00000000009e50a7ddb7a7b0e2ee6604fd120e49","0x650fa057c44d0a5e8775f4dcc15b4198cebd8215fd2fa325feeb2900c2d0949d","0x4838b106fce9647bdf1e7877bf73ce8b0bad5f97","0xdcddae87edf1d9f62ae2f3a66eb2018acd0b2508",0.00507315908013176
19273677,"2024-02-21 04:30:35","0x1c329882c8b8312fe2ad952ee4609fe4d869fe690357c076b197698e1c71b39a","beaverbuild.org","0x95222290dd7278aa3ddd389cc1e1d165cc4bafe5",1,"0xc211c0806e35af624409ef9b7ea070da8cbee29acea59ed5d10ea9210ed3475c","0xbe73f9471ea4e7ee28f721387b9fcf0b81f1e52f","0x3fc91a3afd70395cd496c647d5a6cc9d4b2b7fad","0x2f67ec1c0def55d7386254d54336b77b60205bb3c3c7ff442670b9ba33158b84","0x55a75fd73507727c9106aa01ce06d2586839fff3","0x46fbf407d8b99b2f2e75deddd242ed51c2e3a4a9","0x768ac427d73a90c34b059b836d384f1c87d900f76bc7bafcbf3045ded96b3b65","0x95222290dd7278aa3ddd389cc1e1d165cc4bafe5","0x3f58c782ad6cd015ab7cac853609a147ba63eaa8",0.060855007105728665
19273757,"2024-02-21 04:46:59","0x9e4ac3fffb777bf6bcdfe6ee89de0bbc17cfbad6fe8efaeede4d227f3374e104","Titan (titanbuilder.xyz)","0x4838b106fce9647bdf1e7877bf73ce8b0bad5f97",1,"0x3b6b028d307a48ac617e9c1cdf337ff1b935f2962e00274ef11e55f682163e59","0xa63bd0e5de06ac97b31a0e7d8b37fa2d21157cc4","0x5c9321e92ba4eb43f2901c4952358e132163a85a","0x4dbac32c0c44d2161c320cc282009903d4db4277786a58f150ed3d901eb16199","0xe75ed6f453c602bd696ce27af11565edc9b46b0d","0x00000000009e50a7ddb7a7b0e2ee6604fd120e49","0x2752c70bf4abf5abc81af88a3fb052925288d49bb01a84ae0c05567aaa33aedd","0x4838b106fce9647bdf1e7877bf73ce8b0bad5f97","0xdcddae87edf1d9f62ae2f3a66eb2018acd0b2508",0.00218060966579208
19273871,"2024-02-21 05:09:59","0x8602b259550470d31073ad793390cd71365503883a152591c11b2155ba82e060","Titan (titanbuilder.xyz)","0x4838b106fce9647bdf1e7877bf73ce8b0bad5f97",1,"0xf5e797b9514d4da8b54d0cae3abd1c450629ea1f37d27f475c733db511816fd4","0x682e936cce5e22e6c2eefa092a636c740735c214","0x3fc91a3afd70395cd496c647d5a6cc9d4b2b7fad","0x03a9f7b7199521284ebfedec3fe2f18d49a479ac4d7b388b9ee5fd2af91803e8","0xff64e8e2a0afc9923461f446d7e31863c2bc1f4b","0xc6fecdf760af24095cded954de7d81ab49f8bae1","0x937e9a4ee2bf3d9ef14e6d71e561bae62a486d05250aa12744c181be836958b0","0x4838b106fce9647bdf1e7877bf73ce8b0bad5f97","0x3f58c782ad6cd015ab7cac853609a147ba63eaa8",0.01156203453960135
19273956,"2024-02-21 05:27:35","0x23a37f611834470a6a472b9a12e755a1364ed4cbcb9bf82c986177def00fffd7","beaverbuild.org","0x95222290dd7278aa3ddd389cc1e1d165cc4bafe5",1,"0xb9aaa7b161c5dfa344773c0563d687bcd05ec5c1c6f5ebac15870d5aecd8630b","0x65d08d84d179919e06d11dac4f9922b404076e5f","0x7a250d5630b4cf539739df2c5dacb4c659f2488d","0x4179b9e4c4f2458b08f3a6822ae059b1fd4de012413695cc1eaeac402fd213d3","0x2ee36e41387f87b7e6f678a86d1e575b23b996f5","0x0000000000a84d1a9b0063a910315c7ffa9cd248","0x506b2cbc2913b6080da2042830bac4c6d3510135a1ef887eaa430859556d2852","0x95222290dd7278aa3ddd389cc1e1d165cc4bafe5","0x591f2ce951d35e6c87df93b2623e83f2cd537569",0.001722260676245988
19273957,"2024-02-21 05:27:47","0x012446dc1083ff38948beff90209040d085bd9caa47465d6c6ab87c1362652d3","Titan (titanbuilder.xyz)","0x4838b106fce9647bdf1e7877bf73ce8b0bad5f97",1,"0xe77ece7fd36dc0837edbac79f4fd61acfc8f2d18ae364ff2365a6d8670da8068","0xd9c98c5c9f6de1e7f1925a3ecc1db9ec40c80ff8","0x7a250d5630b4cf539739df2c5dacb4c659f2488d","0x699f5bafd68252bd242a33f0ba5bd18b3dba0b082c9bd61be623dae4229e0c1b","0x0000de0028b400e5ea4f988859852c003600eade","0x003c00bd00b5970000df8100059b17b77400cc00","0xa03607c30c419a15301acb44d908ef694bc36fb232efa425126cd029b6a8aa0b","0x4838b106fce9647bdf1e7877bf73ce8b0bad5f97","0x591f2ce951d35e6c87df93b2623e83f2cd537569",0.00511956638763102
19274003,"2024-02-21 05:37:23","0xb94ac4b225576e71456c6d83d29e251a7d6a32dab2eb7ddfccd7eb0a80ca6858","Titan (titanbuilder.xyz)","0x4838b106fce9647bdf1e7877bf73ce8b0bad5f97",1,"0xd56a642f3597ce40935850f5a7cf64efbfac2d8a2454a54f55de4f575659c6f1","0xd9c98c5c9f6de1e7f1925a3ecc1db9ec40c80ff8","0x7a250d5630b4cf539739df2c5dacb4c659f2488d","0x3fc38bb53e27263f2301febe3909e2c26b678818bd14da91c9ef5200b4c9fd4d","0xfc9928f6590d853752824b0b403a6ae36785e535","0x00000000009e50a7ddb7a7b0e2ee6604fd120e49","0xb4bc8b6658359f36ddf42fe631cbb0cc7431b99b02d17ce36f7e9ba21c7dbcbb","0x4838b106fce9647bdf1e7877bf73ce8b0bad5f97","0x591f2ce951d35e6c87df93b2623e83f2cd537569",0.08457922602433007
19274226,"2024-02-21 06:22:35","0x0a16b08c6c33ae960d55041db80ff1aacc8b427b123dfcbefefcb59ea5ad9515","beaverbuild.org","0x95222290dd7278aa3ddd389cc1e1d165cc4bafe5",1,"0x315e08af03fe3e069ed662ba5d196fec47bd748915d9f41e0e3cf8408b308e36","0xbcb34ec44e91af27e122b10283b958b8ac3adde0","0x881d40237659c251811cec9c364ef91dc08d300c","0x75278917fb69300359dc3a02b5eb7ccc372ef46db1cadd74e9f66ccff2cff6b6","0xa0b1c5f88d9a1acdd4f7ff869e947bfd54c07c61","0x525145f821d8d2abb494c454e9445e14c817f7cb","0x38be78596329d8e5de645e15e2f0b01068dae54c9aa4f02222098d0f3eea1b09","0x95222290dd7278aa3ddd389cc1e1d165cc4bafe5","0xef409c51addcf4642e2c98e935bc5d9ac273af57",0.009421644365032155
19274494,"2024-02-21 07:16:47","0x45fcd9b9aca4405da23839ae15dcba70b9a3eb22e6514dfff964c9c9dee43531","Illuminate Dmocratize Dstribute","0xdafea492d9c6733ae3d56b7ed1adb60692c98bc5",1,"0xc3a10fb15718ba0d6bf592fbdd689180061a854e28706947a6f441246dbb25f8","0xcfea8fd5e3601ac073ce85dcf86ff6a111be0228","0xf3de3c0d654fda23dad170f0f320a92172509127","0xcb8bff86ad8e402617dc50afe6a511b59e2f7c1e6476ae36c639b67b5c6eca7a","0xbf103ca71e997bd478da47d49e116168b37f00fc","0x2954e8b54b4f555d11e6d5afea7e28e3ef3b1845","0xa4c8b0a7dd0b4a37ddbda822fe2d8891bc1713a152bc8d3b49c42b287b1dbed9","0xdafea492d9c6733ae3d56b7ed1adb60692c98bc5","0xcfea8fd5e3601ac073ce85dcf86ff6a111be0228",0.004937327775631029
19274506,"2024-02-21 07:19:11","0xa9e175999e86600e427f7baf28b77169419a066c346998378d48432b862b7427","Titan (titanbuilder.xyz)","0x4838b106fce9647bdf1e7877bf73ce8b0bad5f97",1,"0xa815c88ff82de4d4ebcb8ae3f149e65ab2354928091f56850d37c9c9e41a1cf6","0xeda0bad73e96e91c4c2969fb9f3df15a5a414bff","0x881d40237659c251811cec9c364ef91dc08d300c","0xb87fd2c2645f473561a3c4d57c791433129ab57dbe2d822c08ff1f70c3542142","0xec0c76a3428d5ae72c0fcb47226b2644b9143eaf","0x0000e0ca771e21bd00057f54a68c30d400000000","0x6540dcd8063940a7ef7983bb0fc62ec3f754efddfadc993fd01a37a0f67b747d","0x4838b106fce9647bdf1e7877bf73ce8b0bad5f97","0xef409c51addcf4642e2c98e935bc5d9ac273af57",0.00488896271856378
19274587,"2024-02-21 07:35:35","0x06a0de98b43225a826c3a14018c74ce8097d6809958731f01439049cc1578c73","beaverbuild.org","0x95222290dd7278aa3ddd389cc1e1d165cc4bafe5",1,"0x1a978f8e0a98f99c46c5cafd7d096d7cf1f6f4d159abadf173ec5d217c4ac208","0xcbbaeeae3ae2d00c29b69fa19b533a19e47a4dc9","0x881d40237659c251811cec9c364ef91dc08d300c","0x581d91cf612436ba0e60fdff68a55112bc69cd53df5dbc1e512d0d5b4e494959","0xff64e8e2a0afc9923461f446d7e31863c2bc1f4b","0xc6fecdf760af24095cded954de7d81ab49f8bae1","0xacd6d29390f9d9d37268b9e978184365640226c28eb2f76d139f01c8098b6309","0x95222290dd7278aa3ddd389cc1e1d165cc4bafe5","0xef409c51addcf4642e2c98e935bc5d9ac273af57",0.000913367279095006
19274593,"2024-02-21 07:36:47","0x3bcbecdae70805893813b295155f7a803be0335c5305e1aead27e0ed0554ce9f","beaverbuild.org","0x95222290dd7278aa3ddd389cc1e1d165cc4bafe5",1,"0xd64d3dbc2df19afb01d78cec6301f3b34cc1e5131e28fc1377a95d2ae572303a","0xd267fda7ecbe322e64bf807de06e8e2284b72da9","0xd1742b3c4fbb096990c8950fa635aec75b30781a","0x09bf6e7c1ae92532e3a6f387eb9402f17d37c12dfd3df9bbb02aafc0fcf65a10","0xbf103ca71e997bd478da47d49e116168b37f00fc","0x2954e8b54b4f555d11e6d5afea7e28e3ef3b1845","0x5488c7305e826ed5207ea95b79fb9d5345801032b8804cec51218a35b4439a49","0x95222290dd7278aa3ddd389cc1e1d165cc4bafe5","0x7b523c0216d9e3e5f52dd0eafad4b39c9924e6d0",0.000749975609953627
19274595,"2024-02-21 07:37:11","0x95ebfc92adf09bf2a80180b693a93b940b16ce178cd008712ae1cdf527166adb","Titan (titanbuilder.xyz)","0x4838b106fce9647bdf1e7877bf73ce8b0bad5f97",1,"0xda34e28eea62764550da54f947548284b490946b72d79c4a793a8628876a2bff","0x684eaeccead1a98b2a5fce094e62309c45994bcb","0x03f34be1bf910116595db1b11e9d1b2ca5d59659","0xc54ab0db355c19e637c2d00d93292f8065a9cd228124bc7f8911529a218f7e61","0x27b7eaf0db6e34435c838874595c91c0a33eb5b7","0x31539cf673d44665c7831def5738fe5f37bbb8d6","0x153756c72aba249cc1bcc98a9a9c6700ae0735c6302afd977b9dbceb2c32d76f","0x4838b106fce9647bdf1e7877bf73ce8b0bad5f97","0x63ef071b8a69c52a88dca4a844286aeff195129f",0.0180785686360197
19274648,"2024-02-21 07:47:47","0x0cd1cb3ce133b157a64120423c43631b1c51166002c485ddd4beae98634c3792","beaverbuild.org","0x95222290dd7278aa3ddd389cc1e1d165cc4bafe5",1,"0x5166ab5b54b3ed21c877c1af8999265231070dbf368b6e0642d014c141d4e0ad","0x1e47727abb7ba40d5f879908c110faad30626eec","0x881d40237659c251811cec9c364ef91dc08d300c","0xf0bfe2e63eba339b9e91d8e7006a0e4051f26e55c154ce75f6c0aca49d30bcca","0xfc9928f6590d853752824b0b403a6ae36785e535","0x00000000009e50a7ddb7a7b0e2ee6604fd120e49","0xc1e91cf7eeb4342b50e68cea2133be006b964590fe01b80a9ae93b7501934ab0","0x95222290dd7278aa3ddd389cc1e1d165cc4bafe5","0xef409c51addcf4642e2c98e935bc5d9ac273af57",0.019749921756780604
19274788,"2024-02-21 08:16:11","0xc94b062494e794885ed651112665064bd8888d40e2bb0b83fb77111c30ffffc1","Titan (titanbuilder.xyz)","0x4838b106fce9647bdf1e7877bf73ce8b0bad5f97",1,"0xa65a7ce6fc130dd4b4d2b63011289d6101d8ffbec406f0fedf8b86cfc9df697b","0xf292e2d2b321b0df16846f8e3f0289a3b11400bd","0x0000000000450702bc4f750fd1e7ecad7054c4f1","0xf046c7a3756b714b57333aff1a078e31ea794d7ac44fa349036198ef268e6f2c","0x50dcb3f5766527319ca2f3be8dae5fd24b72c807","0x51c72848c68a965f66fa7a88855f9f7784502a7f","0x66027d868aa872bd2d72dbbbf6ec7af7ccb2601728027ea94ff0a960789b66ba","0x4838b106fce9647bdf1e7877bf73ce8b0bad5f97","0x6133f1e39f64cc9b43a79d63a59e877091b3cdfd",0.00490286889358911
19274854,"2024-02-21 08:29:23","0x6842b38f54f39c04caf1363ed8bbb4002aad18d6713fe1e108a3ed15673093f2","beaverbuild.org","0x95222290dd7278aa3ddd389cc1e1d165cc4bafe5",1,"0xa884881b688dcfbe334da3135ec2e95e55065a1d6e49d8c4539841b26ff970ef","0xe6f67c6584ccf9af065e4029cfc14931689b8533","0x3fc91a3afd70395cd496c647d5a6cc9d4b2b7fad","0x167553d19c6af582b9efde38d79b54cf84ae4a598fb42ff31fcf52126a6aa70e","0x7088659e96e5dcc91608d871937bdb5fa0776bac","0xc6fecdf760af24095cded954de7d81ab49f8bae1","0x0998ae6af7f944a30e979acdb154d70995398f9c7080c66ec32cd1302eafa20b","0x95222290dd7278aa3ddd389cc1e1d165cc4bafe5","0xdcddae87edf1d9f62ae2f3a66eb2018acd0b2508",0.026464029804036924
19274972,"2024-02-21 08:52:59","0xd6a852851d74ba77fff436ea3f5973f34cfa7f0bf3276abc456e16a5ea104557","rsync-builder.xyz","0x1f9090aae28b8a3dceadf281b0f12828e676c326",1,"0x6900f3a07bb9aceb415b28a522b7b653f4e70bd8aac8b0bc17fcd175a0fdbb70","0xd267fda7ecbe322e64bf807de06e8e2284b72da9","0xd1742b3c4fbb096990c8950fa635aec75b30781a","0x3554cad9e5c0bd33a8e0a440e0ee88c0832b035ba32985073d951150fbacd647","0x000c227e72d9ed7a35a09e260cdd5bd468dcd29b","0x6f1cdbbb4d53d226cf4b917bf768b94acbab6168","0x7133a5830782876f34009857637fbbba9286edbc131adb32bf334b34d8d3aad4","0x1f9090aae28b8a3dceadf281b0f12828e676c326","0x7b523c0216d9e3e5f52dd0eafad4b39c9924e6d0",0.011885233045745965
19275044,"2024-02-21 09:08:23","0x72fc1b4c3779fc70d6ad5199b0b5a8e723988bf6ae0342e86710a45b97490d50","rsync-builder.xyz","0x1f9090aae28b8a3dceadf281b0f12828e676c326",1,"0xe8346c6b8cd3685d2ad50e63083443a121c04777fda96954a7f2ac3b4aaa91ad","0xcfea8fd5e3601ac073ce85dcf86ff6a111be0228","0xf3de3c0d654fda23dad170f0f320a92172509127","0x9f75754ebaf2b2598d784073c4b6b062b6595c4f9b3bf895c289d3320e6eaccb","0x1a5690cb801168f7c8cc24eac0f98c5b9c46d6d6","0x6f1cdbbb4d53d226cf4b917bf768b94acbab6168","0xfdb847ef32785e3b042c39f734dad9d0901b441e96271ffe319cf33787fefd7e","0x1f9090aae28b8a3dceadf281b0f12828e676c326","0xcfea8fd5e3601ac073ce85dcf86ff6a111be0228",0.000456417605586368
19275155,"2024-02-21 09:30:59","0xd49bcf446039a4c7b9fa4d62431ad021fcd2e65817a3ffdc29c879e02401bcb5","beaverbuild.org","0x95222290dd7278aa3ddd389cc1e1d165cc4bafe5",1,"0x2a35c39253a954404c29d9822a729b09563caf8d8135719e433297a6c7d7d72e","0xa5f85279ae137452b1e50a408b00630ac8e26d31","0x7a250d5630b4cf539739df2c5dacb4c659f2488d","0xb4a4a5a157603f8f41785cf0bb4e5ff80c086e0f31a3a1d0ee0952196d649281","0x77331cc200e93b6a00b799bec11b3ffde9180fcd","0x46fbf407d8b99b2f2e75deddd242ed51c2e3a4a9","0x311b87e49048eaad6655e44bf55e8de7dfc090d1baa5f84af4bc472f1b91da28","0x95222290dd7278aa3ddd389cc1e1d165cc4bafe5","0x591f2ce951d35e6c87df93b2623e83f2cd537569",0.000027010162743974
19275297,"2024-02-21 09:59:47","0xf9707d23ae500bfb833af82b7e184cd55c5630b163f1f3c41a72a193a9bcf5b8","rsync-builder.xyz","0x1f9090aae28b8a3dceadf281b0f12828e676c326",1,"0xe9152021620932313be7ed20a270a49ab97ea8e8d1717cb32a76adca3aec797c","0xde42e2d68d9dd7188a53998cf4f476b6ccbb9891","0x03f34be1bf910116595db1b11e9d1b2ca5d59659","0x9a1463a6cc07c0a5aad6c28a464a6d21d03d21148c1f083b890885ac649ce81b","0x0588eed1e58744ee5354c8ad0f89707b238c8aa9","0x6f1cdbbb4d53d226cf4b917bf768b94acbab6168","0x21f4dc797626f441fd46a0e0e7dc1493ec8e34cdfcdd3a25144791135a0760c6","0x1f9090aae28b8a3dceadf281b0f12828e676c326","0x63ef071b8a69c52a88dca4a844286aeff195129f",0.04267330161225998
19275732,"2024-02-21 11:27:35","0xe38f269462dab299e1b8ac25cb341ce4e7d3d338a97f4f9c849d4390645c1a1d","beaverbuild.org","0x95222290dd7278aa3ddd389cc1e1d165cc4bafe5",1,"0xd5d8d00f87ba53e663a3dca0ced6a0bc6f1dbdc04c20c470fb10532b14e7474f","0xd267fda7ecbe322e64bf807de06e8e2284b72da9","0xd1742b3c4fbb096990c8950fa635aec75b30781a","0x8f24f61dbaf3191d9a0090c6ae099cc9f04e1933f0399a0dd56dabd19ca320ef","0x0f92777b22213c9a3b3143ba33b0d8a7b736c0ae","0x6f1cdbbb4d53d226cf4b917bf768b94acbab6168","0x24dc87325b273987dfb01d0ab240d782221f04b3990f17b2ec5e6ef68c5c05c4","0x95222290dd7278aa3ddd389cc1e1d165cc4bafe5","0x7b523c0216d9e3e5f52dd0eafad4b39c9924e6d0",0.003373786510355753
19276135,"2024-02-21 12:48:59","0x55cbbee843228f7c8b8d4ebd43e62d81aad5568894125d79f4c77208ff132e5c","beaverbuild.org","0x95222290dd7278aa3ddd389cc1e1d165cc4bafe5",1,"0x3a8f6c4d217501a32a1f34f66a24cdbb3592845be660af942e56577bb75ae6c5","0xc22411bb5aa958bebe336d689c6fa5784e352e90","0x881d40237659c251811cec9c364ef91dc08d300c","0x245c67dcd507226a323a2fb72e2f759770b9c6d4290d3cc10e46c36ea28320d7","0x17b4051556118ed22424b9230725b08e4acd939f","0x51c72848c68a965f66fa7a88855f9f7784502a7f","0x0d1dc7549001e8f6a4237bc010910c4ec1cceab9328533af150b7161b5a36447","0x95222290dd7278aa3ddd389cc1e1d165cc4bafe5","0xef409c51addcf4642e2c98e935bc5d9ac273af57",0.001178266126743001
19276222,"2024-02-21 13:06:47","0x8834600b727ca7b9dc47cfdda12e940a7b84e3273ce97d4b23bdde5df816ce57","beaverbuild.org","0x95222290dd7278aa3ddd389cc1e1d165cc4bafe5",1,"0x9cbddab4a788b5a939bf280090c7c4395f4444e8fbc84899b8e93b67ac1c1095","0xe9038bfeecba036b6fb1a2d080581cb0e6eb7338","0x03f34be1bf910116595db1b11e9d1b2ca5d59659","0xc24065953b96888fcf5bdb0077bf83ecee61834da864cd23be40a5128df61fed","0x2ee36e41387f87b7e6f678a86d1e575b23b996f5","0x0000000000a84d1a9b0063a910315c7ffa9cd248","0x25c36e0b0febf643b46235066daf120f452d857088e01b978faa387c86f7dc0a","0x95222290dd7278aa3ddd389cc1e1d165cc4bafe5","0x63ef071b8a69c52a88dca4a844286aeff195129f",0.007094030372954804
19276297,"2024-02-21 13:21:59","0xecf51beee4642a3e3a66e71c009e5823c201febe65a341fe97a33e25a285b1e9","beaverbuild.org","0x95222290dd7278aa3ddd389cc1e1d165cc4bafe5",1,"0xca8493d37e236ea48021e798ef15b47634f40755e5f9eedfabb1aacc04fc022d","0x7c68e6f940785b5485411dd657d9af2f4af605a0","0x3fc91a3afd70395cd496c647d5a6cc9d4b2b7fad","0x4c4ffe23fb124a45dc64469e2b215af1dbe51bc64b12547d3bad3e1d5343f085","0x7c0f8a684c42ac83ce65a59e89ef5a295932c922","0x3face0004bc1003b9d0672e7b23134cb80115fb6","0x8a2740b7925c2272fcb4b94da8f40ebdab598bb2b5a50a26d2c1b498713a9fd9","0x95222290dd7278aa3ddd389cc1e1d165cc4bafe5","0x3f58c782ad6cd015ab7cac853609a147ba63eaa8",0.000051498332340412
19276337,"2024-02-21 13:29:59","0x2fe1054eba36b2992b64019c6c3faba311b5230f5ccb00d5fb4ae252180c3114","rsync-builder.xyz","0x1f9090aae28b8a3dceadf281b0f12828e676c326",1,"0x8a6d31c4204ac7f05ba789c6bd233e8cbfe06103f09587e41f393c84ffcceecc","0xba053da33ccff5ac8717436df1538783db1ed97b","0x3fc91a3afd70395cd496c647d5a6cc9d4b2b7fad","0xaf59e3d2e151653540e867ab76193f2d18eb84ea649cd31a2a414fa9e32f1635","0xa009fa1ac416ec02f6f902a3a4a584b092ae6123","0xfbeedcfe378866dab6abbafd8b2986f5c1768737","0x8154eaf3b5d99850ea1b9ed76cd987efa81abbd35eac26c371d4d95d4daaf5fd","0x1f9090aae28b8a3dceadf281b0f12828e676c326","0x3f58c782ad6cd015ab7cac853609a147ba63eaa8",0.002387137218975323
19276366,"2024-02-21 13:35:47","0x5237920f452daf7b49d216c62a2b9216130279287ad8ea160ee1c4482cf95253","Titan (titanbuilder.xyz)","0x4838b106fce9647bdf1e7877bf73ce8b0bad5f97",1,"0x3279662b966babe918748c38388871b388446aaf039a78a558c22fe1efe51191","0x7c68e6f940785b5485411dd657d9af2f4af605a0","0x3fc91a3afd70395cd496c647d5a6cc9d4b2b7fad","0x77a427b84db4df6ffa0e6edc37cebb2b017c7fb1356a51081c941b0e13d9e172","0x7c0f8a684c42ac83ce65a59e89ef5a295932c922","0x3face0004bc1003b9d0672e7b23134cb80115fb6","0xf52af18c77dec698cbfa62a55cf9bb069a72359dbbff77c95916f847de97168c","0x4838b106fce9647bdf1e7877bf73ce8b0bad5f97","0x3f58c782ad6cd015ab7cac853609a147ba63eaa8",0.00097099822750095
19276438,"2024-02-21 13:50:11","0x1bc6ece412a1fa62f86883075ee520d16afa71900a806c201f88d332bac8f009","beaverbuild.org","0x95222290dd7278aa3ddd389cc1e1d165cc4bafe5",1,"0xa579a1292bb3ec4e82e7b4709660b867687bf5b959440e19d768146de7620b64","0x794f621aa4968aa812d386f6a36e4ba68eb15467","0x5c9321e92ba4eb43f2901c4952358e132163a85a","0xe5deccae2fe7c950a209b212191b00dbce3916305ce1c4778335c75f0cfec989","0xe75ed6f453c602bd696ce27af11565edc9b46b0d","0x00000000009e50a7ddb7a7b0e2ee6604fd120e49","0x7fd8654151f97ca64f6b921a193d3b472bc6a18947d47dad87061a3960372bba","0x95222290dd7278aa3ddd389cc1e1d165cc4bafe5","0xdcddae87edf1d9f62ae2f3a66eb2018acd0b2508",0.002178156626782391
19276546,"2024-02-21 14:11:47","0xa4021b6cffc80b4dc1c7a9012974d98e3e5d3f426261d4e347ad375dcf06cbe5","beaverbuild.org","0x95222290dd7278aa3ddd389cc1e1d165cc4bafe5",1,"0x0ef47590368aebf286c4debccef7e6733ab85e7d381ac071773d46f7abf3c241","0x8529e13006a9e9f2c2a6406badfab741894d03f4","0xb3cacdc722470259886abb57cee1fea714e86387","0x6e9207afd4894513ea05d4fbe002a945f9712774d84497a0088739c7dd991a12","0xbd4df3a4e4d832dc3e0110fea0013d41a9e5cf81","0x4305fb66699c3b2702d4d05cf36551390a4c69c6","0x86ed11aeb09316b496897bc873c9b3ef1ffa1fb7901dd0099c8e8f06065cc0c6","0x95222290dd7278aa3ddd389cc1e1d165cc4bafe5","0xe4d0cc1976d637d01ec8d4429e8ca6f96254654b",0.005957453251501991
19276820,"2024-02-21 15:07:35","0xb620be28603a9409f9466f75d7f70fb6b0848f27eb19cd58fd9efaddace12915","beaverbuild.org","0x95222290dd7278aa3ddd389cc1e1d165cc4bafe5",1,"0x4955e7663690da6af05ee683ce59cc4c4404d1daa443de09a0b3e4b565d80346","0x082cf94ada867c1c9229b517dc56e4c3de491b92","0x5c9321e92ba4eb43f2901c4952358e132163a85a","0x8e2d318fab4790f34d749abcee22e881d32a0c3ceb2e95c97955a4298fe979d1","0xe75ed6f453c602bd696ce27af11565edc9b46b0d","0x00000000009e50a7ddb7a7b0e2ee6604fd120e49","0x0e22421bcc882d493e8b6f890a068a0aa14daf632874f2c579d359f9c24e864c","0x95222290dd7278aa3ddd389cc1e1d165cc4bafe5","0xdcddae87edf1d9f62ae2f3a66eb2018acd0b2508",0.001078480102537296
19276827,"2024-02-21 15:08:59","0x40d8f3fb40278962e6ebe2cead558b746a4ecef5c7eb63e94b71c407ef2272e1","rsync-builder.xyz","0x1f9090aae28b8a3dceadf281b0f12828e676c326",1,"0x74ee2a5e50f82e84d1ecddcb7ad8c7f58bb562998a7762e434b140d38cb9fc01","0xc47eff2d0b444001dfc2121aaf9b6d6db76af010","0xd1742b3c4fbb096990c8950fa635aec75b30781a","0xc4d298878074e09dd3c58477375d5f1db552d5a65345845e5c4d2ad81524252b","0x000c227e72d9ed7a35a09e260cdd5bd468dcd29b","0x6f1cdbbb4d53d226cf4b917bf768b94acbab6168","0x008749b410ae7615ae74a41228928726aeb709c01628375fd5c5f94a6999fc80","0x1f9090aae28b8a3dceadf281b0f12828e676c326","0x7b523c0216d9e3e5f52dd0eafad4b39c9924e6d0",0.014896656763178204
19276886,"2024-02-21 15:20:59","0xc589db55105baffe68c7ccde61ee10ce686dc5829dc02253a925a0a67c349fc3","Illuminate Dmocratize Dstribute","0xdafea492d9c6733ae3d56b7ed1adb60692c98bc5",1,"0x4bc12d31e34e6b0f68787a6d2377a063b7f8897fa246942c7aab3a35b6a1c0e2","0xea80829c827f1633a46e7ea6026ed693ca54eebd","0x9ba41a2c5175d502ea52ff9a666f8a4fc00c00a1","0xcbf19d920d2e5f7a9ad1121274f3c825f4c2c39b97bce0f36bca19ab392ea811","0x017bd64704cfce1a624201f62f0b87f4ddae13a5","0x6f1cdbbb4d53d226cf4b917bf768b94acbab6168","0x1a3f04f185f5faa821f55370ed211feb689c511e0d3e2ca8d8663e952eeb30cb","0xdafea492d9c6733ae3d56b7ed1adb60692c98bc5","0xea80829c827f1633a46e7ea6026ed693ca54eebd",0.019846133416747187
19277092,"2024-02-21 16:02:35","0x169a5b7112bcb06991bc13cd529e83ded632164f44532d28e33d57699b0b5647","rsync-builder.xyz","0x1f9090aae28b8a3dceadf281b0f12828e676c326",1,"0x376786801c9b162d9bf83ba2477843750476727f34a8747c5e233773bf0c7a40","0xbbf4c3db44dfa77d56504be5c82c8d0c4c2aa9f2","0x881d40237659c251811cec9c364ef91dc08d300c","0x0e232e79825017544e5e8a17cccac55e4894b6456266ecbe9df9109890a8d5f2","0x7088659e96e5dcc91608d871937bdb5fa0776bac","0xc6fecdf760af24095cded954de7d81ab49f8bae1","0x7f4c0eda5c57d86e3a23009a973bb32019a09d7bd0d34f338396ab455bd6422d","0x1f9090aae28b8a3dceadf281b0f12828e676c326","0xef409c51addcf4642e2c98e935bc5d9ac273af57",0.012280622634369348
19277118,"2024-02-21 16:07:47","0x49c22a30dc70bc49a81d40bbe09cb2669e4fb4e0f88c918d36ee9c9fd28e4bed","beaverbuild.org","0x95222290dd7278aa3ddd389cc1e1d165cc4bafe5",1,"0xd6c8dbad095fc6fed7f33ed3230a7eb160bcff8d46e044fb23f3f88aac2cce0a","0x6e3b97454fa42677777a5d707d9ddde3b9a793c4","0x881d40237659c251811cec9c364ef91dc08d300c","0x3679636ff36eccd782f54c7b1c3a036638596c84c04dab931c31b92cd7ea29d9","0xff64e8e2a0afc9923461f446d7e31863c2bc1f4b","0xc6fecdf760af24095cded954de7d81ab49f8bae1","0xc7cb05215a6f01ad2c0fe5f75934a777b472a97b3a816e9d3cf09772983cce5c","0x95222290dd7278aa3ddd389cc1e1d165cc4bafe5","0xef409c51addcf4642e2c98e935bc5d9ac273af57",0.014866238178862594
19277313,"2024-02-21 16:47:23","0xd2b50cca51f93ae229b4b57075d7a23f7c0f63d413be579fd10f5b92b1b0c14a","Titan (titanbuilder.xyz)","0x4838b106fce9647bdf1e7877bf73ce8b0bad5f97",1,"0x5ed058d3930d20f7098ac0884434b0a60fa62fb00dc131ffe40f805dd5f0da5f","0x3ee2d85fa83e75df17a7a262d453e7bd5fe1f5e1","0x1111111254eeb25477b68fb85ed929f73a960582","0x681acdc11c79d7592316184b5bc30ff6bf3674993d5de606cdbaaccb3c340ee6","0x2ee36e41387f87b7e6f678a86d1e575b23b996f5","0x0000000000a84d1a9b0063a910315c7ffa9cd248","0x614470b31ca0897a6f61c25da7fa2910b19c3439a1e826903ec4e2e1a2129662","0x4838b106fce9647bdf1e7877bf73ce8b0bad5f97","0x1876207dbfd106372d289d06e89cb75a4ff40231",0.00041181186972429
19277564,"2024-02-21 17:37:59","0x6d5518912d1db8c2877e99a7c9a03e16a2203caf34f28604e4f4d918faeb20c5","@rsyncbuilder","0x1f9090aae28b8a3dceadf281b0f12828e676c326",1,"0x32203a1635a5af2c3fbe574ef3dde01e1c09cdd05185fab840467b4c800794df","0x8529e13006a9e9f2c2a6406badfab741894d03f4","0xb3cacdc722470259886abb57cee1fea714e86387","0xdad8eebc8c5f74a94f25a9c30cfbfa9685ada1f094eea8ce0b56ab6c8fee3d77","0xbd4df3a4e4d832dc3e0110fea0013d41a9e5cf81","0x847ee19b94837e5a2d0827eaa9462024b75247ef","0x1f78784e1af493a63353f66b9760b8a72f86eb3960c6b9814d25278c9316016b","0x1f9090aae28b8a3dceadf281b0f12828e676c326","0xe4d0cc1976d637d01ec8d4429e8ca6f96254654b",0.01347419275283943
19277587,"2024-02-21 17:42:35","0x6d7c263cd266de65da66ba2b6f7e22524f22a1b5bcc3f78d1846262ecf544303","beaverbuild.org","0x95222290dd7278aa3ddd389cc1e1d165cc4bafe5",1,"0xbb166371c967ce815fb9860298eaf75af4379a6e09957ef7743a3329c44ad10b","0x65d08d84d179919e06d11dac4f9922b404076e5f","0x7a250d5630b4cf539739df2c5dacb4c659f2488d","0x5e9001f09baaf7a785e9f9aeccb1859d0eec20c608f985385f35c142df2563fc","0x0000de0028b400e5ea4f988859852c003600eade","0x003c00bd00b5970000df8100059b17b77400cc00","0x18a0afcecef16e13e60466cc6d3edfd881e739b760b756aa2237ffc239d2fe33","0x95222290dd7278aa3ddd389cc1e1d165cc4bafe5","0x591f2ce951d35e6c87df93b2623e83f2cd537569",0.001330099658546587
19277655,"2024-02-21 17:56:23","0x3409e2469459bc6aa5020c804ccedea553a60bb2ad39eb2d16ea581bd7a53331","Titan (titanbuilder.xyz)","0x4838b106fce9647bdf1e7877bf73ce8b0bad5f97",1,"0x2948b7bdf4bc411b6645f85a98f93d7d99a66ecddc7f8c9b7a7627c31b2ca415","0x49613bba94f253379b830002188a2118ce4ca6ae","0x881d40237659c251811cec9c364ef91dc08d300c","0x221059372d2f88db1d4f0c188702765d2abcbc85a2d9ea3d363d6c11c8423fbe","0x7088659e96e5dcc91608d871937bdb5fa0776bac","0xc6fecdf760af24095cded954de7d81ab49f8bae1","0xe2a194714742d8c25df07a520dbfa08c68d1e406b7b720186c8174e425cd3c59","0x4838b106fce9647bdf1e7877bf73ce8b0bad5f97","0xef409c51addcf4642e2c98e935bc5d9ac273af57",0.019190674766072793
19277690,"2024-02-21 18:03:23","0xda45b3ac52b8ecf4eb03d8d6ff3130b7e9c91b0b6386820bae31a0e4711446d7","rsync-builder.xyz","0x1f9090aae28b8a3dceadf281b0f12828e676c326",1,"0xd4d9b21814710e5c602666cc2a1efc8b78ca6a68a2f8b9905765dc63bbb77926","0x49613bba94f253379b830002188a2118ce4ca6ae","0x881d40237659c251811cec9c364ef91dc08d300c","0x66b71b42d5e3c7bdc3c300cea1ea95cf8be68cff9ab29788615d72913f0a0674","0x7088659e96e5dcc91608d871937bdb5fa0776bac","0xc6fecdf760af24095cded954de7d81ab49f8bae1","0xf7a238de98fac9f028c93191f279b6b781a6a6bd2d1da9a126de2374dd6127f7","0x1f9090aae28b8a3dceadf281b0f12828e676c326","0xef409c51addcf4642e2c98e935bc5d9ac273af57",0.010192216431774257
19277760,"2024-02-21 18:17:35","0x51680b6a9530ed56fc76e48889ce69aba4832a303d2bb933f6f402594f8939ff","beaverbuild.org","0x95222290dd7278aa3ddd389cc1e1d165cc4bafe5",1,"0x5406a7c41eeb740fdd4c3756d28f0c6305f8535b75123e88a490c0bb26d47301","0xbbf4c3db44dfa77d56504be5c82c8d0c4c2aa9f2","0x881d40237659c251811cec9c364ef91dc08d300c","0x9218f98ace5642c1683a2b428c5c4009453f1018366d35495af6d45b71552fce","0x7088659e96e5dcc91608d871937bdb5fa0776bac","0xc6fecdf760af24095cded954de7d81ab49f8bae1","0x8fedfefe04e6bd21202673c5a475fc4c5afae276ff85b7c85cc0f38a8cc01a0b","0x95222290dd7278aa3ddd389cc1e1d165cc4bafe5","0xef409c51addcf4642e2c98e935bc5d9ac273af57",0.004595140359563879
19277772,"2024-02-21 18:19:59","0x3188bf62b59a6c2e272af9925ea43ef20970ba4e445fad67410fcb613b6fc2a6","beaverbuild.org","0x95222290dd7278aa3ddd389cc1e1d165cc4bafe5",1,"0xa05248d65dea99857a34cb577d13395db137abe95ea20cc9e3baf25f60f7d649","0x423db9641445544be249f53e2037470e3201d99d","0x881d40237659c251811cec9c364ef91dc08d300c","0x8bbcee6eb1a069b730d6b8d11954ed9a530798db8384984abb1568df509887ad","0x570a00fbf676cba7671c245e4b77c07f8e5a4a9b","0xc6fecdf760af24095cded954de7d81ab49f8bae1","0xae64c763f350cc86b537c02a584abc20e7674eaf0f3606e011b8e17d12eb7a81","0x95222290dd7278aa3ddd389cc1e1d165cc4bafe5","0xef409c51addcf4642e2c98e935bc5d9ac273af57",0.007040143366023173
19277783,"2024-02-21 18:22:11","0xfa60ab8d77f9bd1ec0768d684a667ea3387bbfa55be05f6057902a9d71ca1b12","Titan (titanbuilder.xyz)","0x4838b106fce9647bdf1e7877bf73ce8b0bad5f97",1,"0xe115cbf7de02fce00480cfd80f49cedf401b409d8dee5fa98496c3b41bf0f3d4","0xebcf67527b01af6e14d3b03e8023aab485fc43d6","0x881d40237659c251811cec9c364ef91dc08d300c","0x9c0e09d7eea91e9f76ef910fc0238fc8d645084503c5ad93981d9d5be0542dfe","0x570a00fbf676cba7671c245e4b77c07f8e5a4a9b","0xc6fecdf760af24095cded954de7d81ab49f8bae1","0x327bb317fd9a0a6d8a2777e2b5c65cccd61b31d6511e03b944f9f73f51eb8c39","0x4838b106fce9647bdf1e7877bf73ce8b0bad5f97","0xef409c51addcf4642e2c98e935bc5d9ac273af57",0.032283366250454006
19277931,"2024-02-21 18:51:59","0x8ee9ae050e33fda48ca3e6a53a95f17a404831b48776261c769a4cc37a56dfc2","beaverbuild.org","0x95222290dd7278aa3ddd389cc1e1d165cc4bafe5",1,"0xcc6795e85896467cde0239c7eab56e133d583968aae14c35044f641001fc4de3","0xbd6c0ea01b72a334d9d35a2c10e9724ca610d6fa","0x3fc91a3afd70395cd496c647d5a6cc9d4b2b7fad","0x3dbb11efe7d074f1f23bf667865e73df50c2d0906768f6a94f99d4b3ae46effb","0xfc9928f6590d853752824b0b403a6ae36785e535","0x00000000009e50a7ddb7a7b0e2ee6604fd120e49","0xe7e67ec8cd9b7dddd93940cb6ecb77fd108b6c25a3b7cbeb91a32e1f3305a01c","0x95222290dd7278aa3ddd389cc1e1d165cc4bafe5","0x042f259de05f5b92d1e8e9ac5000ec2a0c9c5191",0.015477257864116162
19277952,"2024-02-21 18:56:23","0x3389d1a03f6c3cb7b99f7a2862b3bcc0adedad96c83fad6e83d3f56ab5ee7dec","beaverbuild.org","0x95222290dd7278aa3ddd389cc1e1d165cc4bafe5",1,"0x26d1a08401d947504a518783051cbb901c6ba9f9d18e82b838d3912ff6047281","0x2276f36c0c077abf138fbbc045143c3d53ac190c","0xdef1c0ded9bec7f1a1670819833240f027b25eff","0xdde72650ea9a15c977c4854150567c3ccfac20b0900bcd608268828a756559bf","0xfc9928f6590d853752824b0b403a6ae36785e535","0x00000000009e50a7ddb7a7b0e2ee6604fd120e49","0xbaae0b7f7acdf38d7b7d27caa7d3b4ade91cde9119ad0ee39b8efc5f57b6fe54","0x95222290dd7278aa3ddd389cc1e1d165cc4bafe5","0x9138cc7ff38d9da8cb2102c920b36473736e6ea5",0.072500049794285
19278030,"2024-02-21 19:11:59","0xedb3d6cfde755c1991a54bf43d25f56bd667ba51e3454752d948ce6b21038d57","Titan (titanbuilder.xyz)","0x4838b106fce9647bdf1e7877bf73ce8b0bad5f97",1,"0x78e6b735579b495bc5afac1ef92991d848fe1009e5f8e81c2c91995368d00261","0x5386d613a12901ea7e3ffaab13f4995d7d638bbb","0x881d40237659c251811cec9c364ef91dc08d300c","0x4f28f2ef9a46f6aa80ad604a2785d73597bf55b5b15fc01f6c20cbe953b6527b","0xcf5a33920272e28f220d14c84416474de53f30b9","0x51c72848c68a965f66fa7a88855f9f7784502a7f","0x0470c8c92d054a71c514c5563911dd44e4ad31ad67bd66e81a249dcb782d27ba","0x4838b106fce9647bdf1e7877bf73ce8b0bad5f97","0xef409c51addcf4642e2c98e935bc5d9ac273af57",0.00049000068048582
19278312,"2024-02-21 20:08:59","0xf85a1bf79e059a6634c35670e66ad86f3dbaa30f8e4c84891a6573b266bb6bd1","beaverbuild.org","0x95222290dd7278aa3ddd389cc1e1d165cc4bafe5",1,"0x9912ea88365de6d439cae58e514d5de7b116ce7a7dd436891150e9d8f52809af","0xba5eca4fcec19d4f4561f048d5790c61d996c3b8","0x68b3465833fb72a70ecdf485e0e4c7bd8665fc45","0x555340a707267eebb5fba93eab7a4432415bc9ae07713928f8acca965abb6b06","0x080086911d8c78008800fae75871a657b77d0082","0x0000e0ca771e21bd00057f54a68c30d400000000","0xe47e60c55fcb0c6bc3d115652e5948baa22954629f8afaf07209c6a421cd218d","0x95222290dd7278aa3ddd389cc1e1d165cc4bafe5","0x591f2ce951d35e6c87df93b2623e83f2cd537569",0.00373267080138246
19278384,"2024-02-21 20:23:47","0x7d0cd2d4cebba1b162f4b0de67ea67fd8d696aed259f5cd5a12c75600e4418c7","beaverbuild.org","0x95222290dd7278aa3ddd389cc1e1d165cc4bafe5",1,"0xf6e913828028af209da4ab05243a49d1214e9e3c3bd479446b2d39ee0c29e12d","0x33663d3ef64d8e505cd0201ac778ed9c762f7cc9","0x881d40237659c251811cec9c364ef91dc08d300c","0x77c252e17976bff6a2fa1cbfe284c30d982c3ea029496d26a5e613c6ba689801","0x7088659e96e5dcc91608d871937bdb5fa0776bac","0xc6fecdf760af24095cded954de7d81ab49f8bae1","0xed55e6c46cab6223728eb61b264250f684228ecbb418c63dccff33f5dd6b3836","0x95222290dd7278aa3ddd389cc1e1d165cc4bafe5","0xef409c51addcf4642e2c98e935bc5d9ac273af57",0.007048082040988361
19278424,"2024-02-21 20:31:47","0xc341cf58fa6b8a9a16cbbdb294ed19c6f594ad8596676fa81a70781519b9df16","Titan (titanbuilder.xyz)","0x4838b106fce9647bdf1e7877bf73ce8b0bad5f97",1,"0xc3d81ebeeae333d51f25aaea82632f5c444186b3d074a255cc56159d232fa096","0xb4896fdbd22d5c3f7c275b2277cb7028cfcf74d0","0x3fc91a3afd70395cd496c647d5a6cc9d4b2b7fad","0x1a8eca71137aab185f6083e97f57b8f53fcbafbb59c8339f0571c41fd8dad709","0x27b7eaf0db6e34435c838874595c91c0a33eb5b7","0x31539cf673d44665c7831def5738fe5f37bbb8d6","0xc9e080e191a9afa9c11a2fc27870550a9b57e4357429eadb6be72d971d226d28","0x4838b106fce9647bdf1e7877bf73ce8b0bad5f97","0xb4896fdbd22d5c3f7c275b2277cb7028cfcf74d0",0.0074212294286092
19278437,"2024-02-21 20:34:23","0x1e88687aef11201e821fdf4572099b3e2e00c1229e11c27492aa8a3ed139feb3","beaverbuild.org","0x95222290dd7278aa3ddd389cc1e1d165cc4bafe5",1,"0xfecaf51c3844515f4f7d53df7fd53b956832aba48194a6ff6ebd395144176a39","0xb4896fdbd22d5c3f7c275b2277cb7028cfcf74d0","0x3fc91a3afd70395cd496c647d5a6cc9d4b2b7fad","0xcfe9ebaffe9bd86924b3d437be1bfafa04800e56d35c6e31401225e5cd291b98","0x27b7eaf0db6e34435c838874595c91c0a33eb5b7","0x31539cf673d44665c7831def5738fe5f37bbb8d6","0xbf220d016e1b58e487fb0710f662d278e7d58ca7acbe0d963cf10a7fc3418b62","0x95222290dd7278aa3ddd389cc1e1d165cc4bafe5","0xb4896fdbd22d5c3f7c275b2277cb7028cfcf74d0",0.01066790362101182
19278691,"2024-02-21 21:25:35","0xa2eebb4d708987f390f441e6d764b43edd41b5645d4519440cba657bf8f26d70","Titan (titanbuilder.xyz)","0x4838b106fce9647bdf1e7877bf73ce8b0bad5f97",1,"0x7f8c0b1d223e0b48d05c78f7523ae3205401fd71d6c1f5044158b8b816600109","0x2040f9b0a34b8f5e7b400f604cd9d5a065ca50d8","0x5c9321e92ba4eb43f2901c4952358e132163a85a","0x7278c1ee7c047fdf020ecadb2d185eabd096ab055215531cdee5ddfbbdc19d1f","0xe75ed6f453c602bd696ce27af11565edc9b46b0d","0x00000000009e50a7ddb7a7b0e2ee6604fd120e49","0x42810108252eee7545dbcb3a91e2b737155f1999be6e98853fcd4290286fc77f","0x4838b106fce9647bdf1e7877bf73ce8b0bad5f97","0xdcddae87edf1d9f62ae2f3a66eb2018acd0b2508",0.03406086736377256
19278751,"2024-02-21 21:37:35","0xc33becc6384ded0dae3544d198b467a6478d25177bc5a714e6df566bd07f3d2b","beaverbuild.org","0x95222290dd7278aa3ddd389cc1e1d165cc4bafe5",1,"0x19df9e31b319f5d3f25fa261661d1fa3a49bc5118cfc169ad384303cc379dcc4","0xf2432ae59486a76589ce08dd73ddac82baf728ae","0xdef1c0ded9bec7f1a1670819833240f027b25eff","0xd7300734e1bd6f9fc8c913349bc4863139b28480d1d6bf8169bf25896eb1fd0d","0x05a94a8dd7eb1ba5b1114cc5ef18855a221ac317","0x51c72848c68a965f66fa7a88855f9f7784502a7f","0x45e7d88e44cb570060d76c4b7ffdf13ed2d9d5377a6c2784e57659eeaf016457","0x95222290dd7278aa3ddd389cc1e1d165cc4bafe5","0x9138cc7ff38d9da8cb2102c920b36473736e6ea5",0.008245697139527563
19278920,"2024-02-21 22:11:47","0x99ed30ffd0ac2ff7a76feb470cb678c1fa6d03ea76f8f34680b07aa8ae954d55","Titan (titanbuilder.xyz)","0x4838b106fce9647bdf1e7877bf73ce8b0bad5f97",1,"0xf76ba5f468f8776cf92328b8b0108652739464265d05b2d799c0e02281425da1","0xfc78cc152704c3c8c648ff17842fe80611e676d2","0x1111111254eeb25477b68fb85ed929f73a960582","0x703770b4f0b5eb7ba6b0a63a92cfbf7f587994b05810a77376ee9fcb2eafab09","0xfc9928f6590d853752824b0b403a6ae36785e535","0x00000000009e50a7ddb7a7b0e2ee6604fd120e49","0xe25c3ab01ba45f12ec2e3367be38c218dc2462e7ad4e5f8f7746a52f078f4b05","0x4838b106fce9647bdf1e7877bf73ce8b0bad5f97","0xf69c84b099c3c24eb1209f39d39236c432c00811",0.0084161562717252
19279023,"2024-02-21 22:32:35","0xa5408bd5aae7cb82960afd8283d0d2ebe0a928a816993f9bc2ca60fced455e60","rsync-builder.xyz","0x1f9090aae28b8a3dceadf281b0f12828e676c326",1,"0x2e921b1f2e1cde55004f6a0df20fdb2d9c0a95990dcda1b09378fffbc7dbb3b6","0x032c9d06e58641aa322d4efc56eb13ea33ebcd81","0x1111111254eeb25477b68fb85ed929f73a960582","0xaf3d02cea9238930fe964507eeb5a170b858621f1fa83becca6b57547747a92b","0xcf5a33920272e28f220d14c84416474de53f30b9","0x51c72848c68a965f66fa7a88855f9f7784502a7f","0x23cd79712fd1881e59a10380cf7ef8f8dd0ce751384a118c4297125a0e3d0bbd","0x1f9090aae28b8a3dceadf281b0f12828e676c326","0xcffc6052f11e3abf33b32fe72b33b07afa1a2d43",0.000109767995090184
19279090,"2024-02-21 22:45:59","0x22e0f20f3542fc7abbf3b46f383bfdc1cf80922c022173fd0664b3830e103874","Titan (titanbuilder.xyz)","0x4838b106fce9647bdf1e7877bf73ce8b0bad5f97",1,"0x076a8e656bc126dba409a4e2ec0916ebed97fafa6afdd3f3bd42a3c72a423715","0x5f74843a461ec6aa77b7fa52722435bd07d82150","0x5c9321e92ba4eb43f2901c4952358e132163a85a","0x84589993b09800e34e036e25eb2f5f2eb7266f69a9128c7a8fba4705e7fe5404","0xe75ed6f453c602bd696ce27af11565edc9b46b0d","0x00000000009e50a7ddb7a7b0e2ee6604fd120e49","0x240308d0c9a8e92fca712303bf70245096241f568af6dc479f714416a2ae0916","0x4838b106fce9647bdf1e7877bf73ce8b0bad5f97","0xdcddae87edf1d9f62ae2f3a66eb2018acd0b2508",0.00402710050359224
19279091,"2024-02-21 22:46:11","0xf178aef5bcd0625527be59e04a0cb2cfac0cd3a2814bbf6e6292d7750cf86e5d","beaverbuild.org","0x95222290dd7278aa3ddd389cc1e1d165cc4bafe5",1,"0xc295d3f323ce6c2f124cfb6c6b30df91c3d2dbe8c457b6b25287d57b2a55c933","0x216c6e6f7fca8fdad5d928f14dd160c8c3bbddf3","0x881d40237659c251811cec9c364ef91dc08d300c","0x3dac6939a843cfba4fbe4160ff397c4117b366ac017da7089b30219546711f90","0xff64e8e2a0afc9923461f446d7e31863c2bc1f4b","0xc6fecdf760af24095cded954de7d81ab49f8bae1","0x24845943ce5e84a68a5fe687e3a124e607ab8813453e4f48b7ec1796648063a8","0x95222290dd7278aa3ddd389cc1e1d165cc4bafe5","0xef409c51addcf4642e2c98e935bc5d9ac273af57",0.07384912399527113
19279186,"2024-02-21 23:05:11","0x61d69af6631a814930b69bd4e12e682898add3dc26ccfc454ab669911c40a029","beaverbuild.org","0x95222290dd7278aa3ddd389cc1e1d165cc4bafe5",1,"0x809da3d5e7842622dcfbf21461e85b455714fde9249bed5385c96b3f4e2d6d84","0xeb6f13b8f2c3be27116f38ebf50b059ca6ccc7f9","0x3fc91a3afd70395cd496c647d5a6cc9d4b2b7fad","0x37504de727f4708cad8dddc1d54c77fceac53397abbdfc5309b71004d1d176aa","0xfc9928f6590d853752824b0b403a6ae36785e535","0x00000000009e50a7ddb7a7b0e2ee6604fd120e49","0xd350e53f31d86b8774c29880693b15a4e99b743ac6cbd91cd5ba64cfbacdb534","0x95222290dd7278aa3ddd389cc1e1d165cc4bafe5","0x3f58c782ad6cd015ab7cac853609a147ba63eaa8",0.000115928255196663
19279221,"2024-02-21 23:12:23","0x664d4f0d54ed1f25f6b77f6e05103a680cb359e79bb03053fa4babf0bf521447","@rsyncbuilder","0x1f9090aae28b8a3dceadf281b0f12828e676c326",1,"0x810a5f85a6599761dc9a089b18f7be00a99e8dcc2c25418bf63804f8abfdd294","0x49bcbc58848ac642b48f3d824d8b728a1045d08b","0xad3b67bca8935cb510c8d18bd45f0b94f54a968f","0xd53f6606affe1cb1fc31249b4f53d62d60096b63b9ac6ed20dab4e2969b6f459","0x7088659e96e5dcc91608d871937bdb5fa0776bac","0xc6fecdf760af24095cded954de7d81ab49f8bae1","0x86ee3e03809a48416a1538816d97b2dface539eb567f659fbd8d769cb3d92b64","0x1f9090aae28b8a3dceadf281b0f12828e676c326","0xf69c84b099c3c24eb1209f39d39236c432c00811",0.007161786380657606
19279294,"2024-02-21 23:27:11","0x45aac958e8c707dd4141db129a47b400681c558f369f6ddd43d09ae4c09d6c56","beaverbuild.org","0x95222290dd7278aa3ddd389cc1e1d165cc4bafe5",1,"0x207a6d335975cbd1ab0a38dda039720e77ab0b9b9159b99d51e65c6e7f862c0b","0xba6d627505ee86397a7f01278db586d9c0a43d10","0x3fc91a3afd70395cd496c647d5a6cc9d4b2b7fad","0x2bc1363f63364e0c2d84acf7f95ee7922074df59ee85d8c1cee5d574f4fa48f1","0xfc9928f6590d853752824b0b403a6ae36785e535","0x00000000009e50a7ddb7a7b0e2ee6604fd120e49","0x2d2e179fdc1552a88970f9a64ef01d0eee5a2aafbcb529fd91514bfcb85d19fe","0x95222290dd7278aa3ddd389cc1e1d165cc4bafe5","0x3f58c782ad6cd015ab7cac853609a147ba63eaa8",0.000733914724256354
19279313,"2024-02-21 23:30:59","0x90241786451590cfc094cbe9ddf4e3acab3b36a850eb538671b7c15a921f0e38","beaverbuild.org","0x95222290dd7278aa3ddd389cc1e1d165cc4bafe5",1,"0x4007ac0db3b7cb4de5000d5916d2cd1fb5a91f2b24b77af2be2a2c3370fab431","0xf37310e2f3a4be7b324e3d4124f6f864d4f35a67","0x881d40237659c251811cec9c364ef91dc08d300c","0xd85a376821f87e8ccb0bb77a62e99b9a1b86a802c4094a99e0a4707653c31177","0x7088659e96e5dcc91608d871937bdb5fa0776bac","0xc6fecdf760af24095cded954de7d81ab49f8bae1","0x4bb1f0e142d1c4d23158215d3f50ca2c10db1c977c0fe62d8a7f12dc213b94b7","0x95222290dd7278aa3ddd389cc1e1d165cc4bafe5","0xef409c51addcf4642e2c98e935bc5d9ac273af57",0.006325152713799744
